epoch,train_loss,test_loss,learning_rate,train_acc,test_acc,training_time,testing_time,mixup_used,binary_connect_used
1,4.576,1.953,0.01,22.35,31.51,0:01:39.669673,0:00:06.357857,no,yes
2,1.847,1.743,0.009999901304280686,31.72,36.97,0:01:39.739974,0:00:06.590393,no,yes
3,1.806,1.684,0.009999605221019083,33.14,38.28,0:01:39.543983,0:00:06.531831,no,yes
4,1.776,1.686,0.009999111761904047,34.53,39.04,0:01:39.858116,0:00:06.551140,no,yes
5,1.759,1.656,0.009998420946416502,34.94,38.91,0:01:39.626423,0:00:06.234264,no,yes
6,1.739,1.627,0.00999753280182866,35.73,40.71,0:01:39.166342,0:00:06.619947,no,yes
